{"duration": 1.7550809383392334, "input_args": {"fileName": "'data/GARP Data Industries Europe.xlsx'"}, "time": 1708957146.411794}